Tenor,Expiry,Alpha,Beta,Rho,Nu
0.25,1.0,0.4560984138453254,0.9308111828911344,-0.39212646845997584,0.6351707048326857
0.25,2.0,0.3555839346911774,0.8418215816641319,-0.6589007842113584,0.351094391699986
0.25,3.0,0.30766364345694175,0.8254127508138945,-0.7741070325179562,0.25003117216307186
